PRD_Whitelist,UAT_Whitelist
fmt/35,fmt/35
x-fmt/410,x-fmt/410
fmt/141,fmt/141
fmt/450,fmt/450
x-fmt/117,x-fmt/117
x-fmt/386,x-fmt/386
fmt/3,fmt/3
fmt/19,fmt/19
fmt/174,fmt/174
fmt/353,fmt/353
fmt/441,fmt/441
fmt/32,fmt/32
fmt/99,fmt/99
x-fmt/243,x-fmt/243
x-fmt/42,x-fmt/42
fmt/51,fmt/51
fmt/419,fmt/419
fmt/158,fmt/158
x-fmt/120,x-fmt/120
fmt/548,fmt/548
x-fmt/385,x-fmt/385
fmt/480,fmt/480
fmt/262,fmt/262
x-fmt/397,x-fmt/397
x-fmt/276,x-fmt/276
fmt/296,fmt/296
fmt/477,fmt/477
fmt/177,fmt/177
fmt/257,fmt/257
fmt/172,fmt/172
fmt/50,fmt/50
fmt/291,fmt/291
fmt/354,fmt/354
fmt/427,fmt/427
fmt/263,fmt/263
x-fmt/291,x-fmt/291
fmt/341,fmt/341
fmt/102,fmt/102
fmt/5,fmt/5
fmt/56,fmt/56
fmt/412,fmt/412
fmt/425,fmt/425
fmt/464,fmt/464
x-fmt/390,x-fmt/390
x-fmt/375,x-fmt/375
fmt/429,fmt/429
fmt/276,fmt/276
fmt/491,fmt/491
fmt/181,fmt/181
fmt/34,fmt/34
fmt/430,fmt/430
fmt/148,fmt/148
fmt/110,fmt/110
fmt/15,fmt/15
x-fmt/292,x-fmt/292
fmt/560,fmt/560
fmt/412,fmt/412
x-fmt/450,x-fmt/450
x-fmt/18,x-fmt/18
fmt/44,fmt/44
fmt/62,fmt/62
fmt/175,fmt/175
fmt/119,fmt/119
fmt/11,fmt/11
fmt/146,fmt/146
fmt/422,fmt/422
fmt/489,fmt/489
fmt/199,fmt/199
fmt/355,fmt/355
fmt/167,fmt/167
fmt/417,fmt/417
fmt/440,fmt/440
fmt/21,fmt/21
fmt/250,fmt/250
x-fmt/388,x-fmt/388
fmt/565,fmt/565
fmt/215,fmt/215
fmt/233,fmt/233
fmt/229,fmt/229
x-fmt/378,x-fmt/378
fmt/105,fmt/105
fmt/178,fmt/178
fmt/139,fmt/139
fmt/128,fmt/128
fmt/36,fmt/36
x-fmt/203,x-fmt/203
fmt/4,fmt/4
fmt/163,fmt/163
fmt/562,fmt/562
x-fmt/259,x-fmt/259
fmt/96,fmt/96
fmt/273,fmt/273
fmt/145,fmt/145
x-fmt/244,x-fmt/244
fmt/126,fmt/126
fmt/550,fmt/550
fmt/106,fmt/106
x-fmt/455,x-fmt/455
fmt/420,fmt/420
fmt/445,fmt/445
fmt/138,fmt/138
fmt/115,fmt/115
fmt/182,fmt/182
fmt/199,fmt/199
fmt/196,fmt/196
fmt/502,fmt/502
fmt/41,fmt/41
fmt/278,fmt/278
fmt/28,fmt/28
fmt/180,fmt/180
fmt/264,fmt/264
x-fmt/374,x-fmt/374
fmt/294,fmt/294
x-fmt/270,x-fmt/270
fmt/151,fmt/151
fmt/134,fmt/134
fmt/168,fmt/168
x-fmt/274,x-fmt/274
fmt/292,fmt/292
x-fmt/129,x-fmt/129
fmt/297,fmt/297
fmt/122,fmt/122
fmt/136,fmt/136
fmt/467,fmt/467
fmt/228,fmt/228
fmt/37,fmt/37
fmt/481,fmt/481
fmt/26,fmt/26
x-fmt/273,x-fmt/273
fmt/16,fmt/16
fmt/527,fmt/527
fmt/230,fmt/230
fmt/40,fmt/40
fmt/42,fmt/42
fmt/272,fmt/272
fmt/38,fmt/38
fmt/2,fmt/2
fmt/443,fmt/443
x-fmt/391,x-fmt/391
fmt/271,fmt/271
x-fmt/113,x-fmt/113
fmt/33,fmt/33
x-fmt/111,x-fmt/111
fmt/20,fmt/20
fmt/143,fmt/143
fmt/418,fmt/418
fmt/104,fmt/104
x-fmt/258,x-fmt/258
fmt/478,fmt/478
fmt/155,fmt/155
fmt/59,fmt/59
fmt/552,fmt/552
fmt/103,fmt/103
fmt/142,fmt/142
fmt/108,fmt/108
x-fmt/453,x-fmt/453
fmt/1,fmt/1
fmt/465,fmt/465
fmt/434,fmt/434
fmt/421,fmt/421
fmt/463,fmt/463
x-fmt/92,x-fmt/92
fmt/130,fmt/130
fmt/507,fmt/507
x-fmt/43,x-fmt/43
fmt/253,fmt/253
fmt/428,fmt/428
fmt/29,fmt/29
fmt/466,fmt/466
fmt/18,fmt/18
fmt/549,fmt/549
fmt/437,fmt/437
fmt/52,fmt/52
fmt/559,fmt/559
fmt/492,fmt/492
fmt/117,fmt/117
fmt/53,fmt/53
fmt/129,fmt/129
x-fmt/245,x-fmt/245
fmt/112,fmt/112
fmt/557,fmt/557
fmt/270,fmt/270
fmt/153,fmt/153
fmt/39,fmt/39
fmt/438,fmt/438
fmt/505,fmt/505
fmt/133,fmt/133
x-fmt/20,x-fmt/20
fmt/17,fmt/17
x-fmt/80,x-fmt/80
fmt/98,fmt/98
fmt/125,fmt/125
fmt/27,fmt/27
fmt/101,fmt/101
fmt/214,fmt/214
fmt/107,fmt/107
fmt/290,fmt/290
fmt/127,fmt/127
fmt/479,fmt/479
fmt/43,fmt/43
fmt/551,fmt/551
x-fmt/275,x-fmt/275
fmt/144,fmt/144
fmt/337,fmt/337
fmt/157,fmt/157
fmt/24,fmt/24
fmt/166,fmt/166
fmt/423,fmt/423
fmt/45,fmt/45
fmt/95,fmt/95
fmt/258,fmt/258
fmt/216,fmt/216
fmt/55,fmt/55
x-fmt/341,x-fmt/341
x-fmt/324,x-fmt/324
fmt/97,fmt/97
x-fmt/398,x-fmt/398
fmt/100,fmt/100
fmt/493,fmt/493
fmt/563,fmt/563
x-fmt/394,x-fmt/394
x-fmt/384,x-fmt/384
fmt/116,fmt/116
fmt/227,fmt/227
x-fmt/2,x-fmt/2
x-fmt/249,x-fmt/249
fmt/147,fmt/147
fmt/561,fmt/561
x-fmt/246,x-fmt/246
fmt/152,fmt/152
x-fmt/379,x-fmt/379
fmt/436,fmt/436
x-fmt/131,x-fmt/131
fmt/30,fmt/30
fmt/132,fmt/132
x-fmt/389,x-fmt/389
fmt/231,fmt/231
fmt/179,fmt/179
fmt/22,fmt/22
fmt/173,fmt/173
fmt/109,fmt/109
fmt/31,fmt/31
fmt/156,fmt/156
fmt/13,fmt/13
fmt/558,fmt/558
x-fmt/387,x-fmt/387
x-fmt/88,x-fmt/88
x-fmt/76,x-fmt/76
fmt/118,fmt/118
fmt/61,fmt/61
fmt/506,fmt/506
fmt/25,fmt/25
fmt/176,fmt/176
x-fmt/392,x-fmt/392
x-fmt/118,x-fmt/118
fmt/6,fmt/6
fmt/293,fmt/293
fmt/137,fmt/137
x-fmt/248,x-fmt/248
x-fmt/399,x-fmt/399
fmt/523,fmt/523
fmt/247,fmt/247
fmt/12,fmt/12
x-fmt/396,x-fmt/396
fmt/114,fmt/114
fmt/23,fmt/23
fmt/442,fmt/442
fmt/154,fmt/154
x-fmt/409,x-fmt/409
fmt/471,fmt/471
fmt/488,fmt/488
fmt/476,fmt/476
fmt/14,fmt/14
fmt/487,fmt/487
x-fmt/44,x-fmt/44
fmt/194,fmt/194
fmt/220,fmt/220
fmt/123,fmt/123
fmt/564,fmt/564
fmt/203,fmt/203
x-fmt/29,x-fmt/29
fmt/490,fmt/490
fmt/124,fmt/124
fmt/295,fmt/295
x-fmt/230,x-fmt/230
fmt/60,fmt/60
fmt/57,fmt/57
x-fmt/247,x-fmt/247
x-fmt/430,x-fmt/430
fmt/531,fmt/531
x-fmt/418,x-fmt/418
x-fmt/429,x-fmt/429
fmt/595,fmt/595
fmt/651,fmt/651
fmt/646,fmt/646
fmt/637,fmt/637
fmt/629,fmt/629
fmt/630,fmt/630
fmt/624,fmt/624
x-fmt/182,x-fmt/182
fmt/609,fmt/609
fmt/660,fmt/660
fmt/647,fmt/647
fmt/650,fmt/650
fmt/645,fmt/645
fmt/649,fmt/649
fmt/640,fmt/640
fmt/583,fmt/583
fmt/636,fmt/636
fmt/628,fmt/628
fmt/652,fmt/652
fmt/633,fmt/633
fmt/623,fmt/623
fmt/200,fmt/200
x-fmt/280,x-fmt/280
x-fmt/45,x-fmt/45
fmt/704,fmt/704
x-fmt/382,x-fmt/382
x-fmt/119,x-fmt/119
x-fmt/257,x-fmt/257
fmt/468,fmt/468
fmt/1507,fmt/1507
fmt/1218,fmt/1218
x-fmt/393,x-fmt/393
fmt/892,fmt/892
x-fmt/348,x-fmt/348
